Roll Number,Student Full Name,Parent / Guardian Name,Parent Mobile Number (10 Digits) *
21,Shweta Sunil Patil,Sunil Patil,8010861316
103,Sakshi Patil,Suresh Patil,9822334455
12,Pankaj Pawar,Ramesh Pawar,9812345678
20,Prajakta Pawar,Ramesh Pawar,9812345679
102,Sunil Patil,Dattatray Patil,9890123456
107,Kavya Singhania,Rajesh Singhania,7777777777
108,Manav Joshi,Kailash Joshi,9123456780
109,Nandini Gupta,Sunil Gupta,9123456781
110,Pranav Kulkarni,Anil Kulkarni,9123456782
111,Riya Chakraborty,Debashis Roy,9123456783
112,Aryan Kapoor,Sameer Kapoor,9123456784